"","Mineral","Concentration"
"1","Magnesium",1.81657759109687
"2","Calcium",2.53522685765562
"3","Potassium",5.74807312450314
"4","Sodium",2.78136687827265
"5","Iron",2.78888877381296
"6","Magnesium",6.34489512019471
"7","Calcium",3.55448554769951
"8","Potassium",1.497526922981
"9","Sodium",1.97756406497202
"10","Iron",1.96750604042874
"11","Magnesium",5.03266441925308
"12","Calcium",3.31695159416545
"13","Potassium",3.407492537184
"14","Sodium",2.77563095781748
"15","Iron",2.15246401609295
"16","Magnesium",6.50276799309784
"17","Calcium",3.66046799040694
"18","Potassium",0.936968072732999
"19","Sodium",3.93654400069839
"20","Iron",2.17778824155196
"21","Magnesium",1.48738742546511
"22","Calcium",2.55202243829855
"23","Potassium",1.63076067399857
"24","Sodium",1.96990934641746
"25","Iron",2.01051763182625
"26","Magnesium",1.25643982416909
"27","Calcium",4.1347133922037
"28","Potassium",3.04646154065808
"29","Sodium",1.50347210804025
"30","Iron",5.14084399744969
"31","Magnesium",3.40219817357214
"32","Calcium",2.42980543396016
"33","Potassium",4.19063298383158
"34","Sodium",4.23452781357466
"35","Iron",4.04117819632747
"36","Magnesium",3.92644173082362
"37","Calcium",3.52204969850162
"38","Potassium",2.80864804053737
"39","Sodium",2.41171913586844
"40","Iron",2.2460078676525
"41","Magnesium",2.04123668969076
"42","Calcium",2.44142658291579
"43","Potassium",1.50015986547575
"44","Sodium",8.09321260142031
"45","Iron",5.01509358636109
"46","Magnesium",1.49061931031193
"47","Calcium",2.09724865529993
"48","Potassium",1.98443112348662
"49","Sodium",3.96915039538005
"50","Iron",2.67558000659509
"51","Magnesium",3.06142821439842
"52","Calcium",2.55942325606018
"53","Potassium",2.87628264112026
"54","Sodium",5.4588846337562
"55","Iron",2.62277503995344
"56","Magnesium",5.92349287948162
"57","Calcium",1.19196599370113
"58","Potassium",3.59998449293833
"59","Sodium",2.74787064339562
"60","Iron",3.10225461536124
"61","Magnesium",3.44885466128402
"62","Calcium",2.02249358167758
"63","Potassium",2.18090103434371
"64","Sodium",1.72174715362594
"65","Iron",1.4389410946498
"66","Magnesium",3.35593104894553
"67","Calcium",3.45833391847775
"68","Potassium",2.61979563442236
"69","Sodium",4.34633599876378
"70","Iron",7.58694993186303
"71","Magnesium",1.87967349238313
"72","Calcium",0.852585342167248
"73","Potassium",4.43584060051343
"74","Sodium",1.81801915028051
"75","Iron",1.95093200251694
"76","Magnesium",4.62444745005654
"77","Calcium",2.53022860992177
"78","Potassium",1.21320010075509
"79","Sodium",3.05057429017588
"80","Iron",2.44067938198117
"81","Magnesium",2.84176048639394
"82","Calcium",3.33035739510413
"83","Potassium",2.40292594868198
"84","Sodium",3.60334584863788
"85","Iron",2.48400043255321
"86","Magnesium",3.23829650934057
"87","Calcium",4.80881584096732
"88","Potassium",3.35592010777539
"89","Sodium",2.42390897418515
"90","Iron",4.78336634533332
"91","Magnesium",4.42423209635359
"92","Calcium",3.57837208784662
"93","Potassium",2.95598607866289
"94","Sodium",1.94019269275799
"95","Iron",5.47830701406161
"96","Magnesium",2.17867422270235
"97","Calcium",8.22603835551758
"98","Potassium",5.80671590017247
"99","Sodium",2.4479362717182
"100","Iron",1.63693311812972
"101","Magnesium",1.77969686878799
"102","Calcium",3.11657759412883
"103","Potassium",2.32041713008487
"104","Sodium",2.17862381420654
"105","Iron",1.76164188726352
"106","Magnesium",2.58697338881474
"107","Calcium",1.82151888309442
"108","Potassium",1.08323581858377
"109","Sodium",2.25324784529716
"110","Iron",4.35303444508336
"111","Magnesium",2.08898341175649
"112","Calcium",3.5764117321852
"113","Potassium",1.3363346675956
"114","Sodium",2.79310177436139
"115","Iron",3.56166775687078
"116","Magnesium",3.17576265983379
"117","Calcium",2.8735072194658
"118","Potassium",1.99893566275793
"119","Sodium",1.81503561304948
"120","Iron",1.64263231176518
"121","Magnesium",2.94835890692034
"122","Calcium",1.65901787273536
"123","Potassium",2.23995308701993
"124","Sodium",2.387810926047
"125","Iron",6.65857308137149
"126","Magnesium",1.95214703654864
"127","Calcium",3.10249465456576
"128","Potassium",2.94933705211381
"129","Sodium",1.6864879625277
"130","Iron",2.42906457343545
"131","Magnesium",5.59773330820742
"132","Calcium",3.28680587667762
"133","Potassium",2.67729428705572
"134","Sodium",2.09808468173505
"135","Iron",0.893804980717175
"136","Magnesium",4.89958664274056
"137","Calcium",1.22639239277802
"138","Potassium",3.89134113787776
"139","Sodium",7.07917092206641
"140","Iron",1.40959470138218
"141","Magnesium",3.79419803574534
"142","Calcium",2.30166730174414
"143","Potassium",1.18667180639785
"144","Sodium",1.15747117303985
"145","Iron",1.31246830998216
"146","Magnesium",1.86634112545835
"147","Calcium",1.25604587055938
"148","Potassium",3.69007671284218
"149","Sodium",7.57264575902667
"150","Iron",1.43116558560381
"151","Magnesium",4.18423887007935
"152","Calcium",4.15637735805131
"153","Potassium",3.1531778563439
"154","Sodium",1.57213479440418
"155","Iron",2.50685954230182
"156","Magnesium",2.43370464278082
"157","Calcium",3.3458501862799
"158","Potassium",2.28119260944394
"159","Sodium",4.38983187284316
"160","Iron",2.17961326282065
"161","Magnesium",4.40076557785698
"162","Calcium",1.58809338435099
"163","Potassium",1.28271656517406
"164","Sodium",13.7413367843757
"165","Iron",2.11737096918735
"166","Magnesium",3.1600273179832
"167","Calcium",3.78310671044493
"168","Potassium",2.08386415067785
"169","Sodium",3.41765467052368
"170","Iron",3.20781968352473
"171","Magnesium",2.37402133300017
"172","Calcium",2.65916113754163
"173","Potassium",2.5943099263105
"174","Sodium",7.8598561270978
"175","Iron",1.85427333292056
"176","Magnesium",1.60440905562551
"177","Calcium",2.89931743125621
"178","Potassium",3.20815356739412
"179","Sodium",3.5288837306143
"180","Iron",2.09673962853178
"181","Magnesium",1.73240234809685
"182","Calcium",5.17135045518685
"183","Potassium",2.16310879817387
"184","Sodium",1.80361675739001
"185","Iron",2.29161938936269
"186","Magnesium",2.5578017214969
"187","Calcium",4.68092319686587
"188","Potassium",2.81231535239998
"189","Sodium",3.89514771953774
"190","Iron",2.03253171986149
"191","Magnesium",3.19615659676255
"192","Calcium",2.41012663657285
"193","Potassium",2.9174437027071
"194","Sodium",1.74463791203989
"195","Iron",1.48505753601062
"196","Magnesium",7.44493931729066
"197","Calcium",3.83094940010021
"198","Potassium",1.53907077622639
"199","Sodium",1.98192243478394
"200","Iron",1.48120539762375
"201","Magnesium",8.11450665393821
"202","Calcium",5.20302352556382
"203","Potassium",2.35710995514224
"204","Sodium",3.68883196771776
"205","Iron",1.97680496413285
"206","Magnesium",2.07210799292658
"207","Calcium",1.81924386202938
"208","Potassium",1.89085391301695
"209","Sodium",6.36752013564787
"210","Iron",2.62243813786
"211","Magnesium",2.77359011781532
"212","Calcium",2.9813487540232
"213","Potassium",5.1213555136815
"214","Sodium",2.28696548861889
"215","Iron",1.64248281552275
"216","Magnesium",6.29370849008181
"217","Calcium",2.08535036567391
"218","Potassium",2.02524030096158
"219","Sodium",1.53727770288469
"220","Iron",1.19702845769452
"221","Magnesium",1.97560619261464
"222","Calcium",3.67903138587284
"223","Potassium",4.62391093381718
"224","Sodium",3.84476666851801
"225","Iron",2.15300756978799
"226","Magnesium",2.83664643104125
"227","Calcium",1.94470800342149
"228","Potassium",1.98021900168114
"229","Sodium",4.27216702042613
"230","Iron",1.79532874301264
"231","Magnesium",7.18710693291848
"232","Calcium",2.38292501963397
"233","Potassium",3.02865003906913
"234","Sodium",1.94397817122125
"235","Iron",1.99958238965828
"236","Magnesium",1.54713289158189
"237","Calcium",2.59016825340361
"238","Potassium",3.40552817169994
"239","Sodium",3.20378343017016
"240","Iron",1.78386797892309
"241","Magnesium",1.81482006635152
"242","Calcium",2.16159173681996
"243","Potassium",5.84005887030544
"244","Sodium",1.50971997027532
"245","Iron",2.41267555963534
"246","Magnesium",7.28455332298636
"247","Calcium",2.63630529827796
"248","Potassium",1.28687713376561
"249","Sodium",2.04268047440515
"250","Iron",3.47122879166035
"251","Magnesium",2.33553451829715
"252","Calcium",2.05768637796202
"253","Potassium",2.28298849784348
"254","Sodium",2.85316585626998
"255","Iron",6.08641652089522
"256","Magnesium",2.53952707916372
"257","Calcium",4.60091898169283
"258","Potassium",3.70767777595556
"259","Sodium",2.58526539408981
"260","Iron",1.23133706968329
"261","Magnesium",2.12646338497996
"262","Calcium",2.01757579925619
"263","Potassium",2.64003700115227
"264","Sodium",5.3966981714249
"265","Iron",8.59498943691757
"266","Magnesium",5.85344642073769
"267","Calcium",2.51520774313404
"268","Potassium",1.20796808051356
"269","Sodium",2.21702937059123
"270","Iron",2.86148315302125
"271","Magnesium",4.12103058514168
"272","Calcium",4.34836269992969
"273","Potassium",3.88750030782069
"274","Sodium",1.36720151474493
"275","Iron",4.28729709291509
"276","Magnesium",2.06179209865949
"277","Calcium",2.95302426879459
"278","Potassium",2.80062065863168
"279","Sodium",3.25971997576829
"280","Iron",2.85181221308499
"281","Magnesium",1.17014301031443
"282","Calcium",3.78990612907742
"283","Potassium",3.2377869925818
"284","Sodium",2.26964205563167
"285","Iron",2.98760326756639
"286","Magnesium",3.16099307801614
"287","Calcium",2.9685339232892
"288","Potassium",6.16524720984927
"289","Sodium",2.46425965446463
"290","Iron",3.22747445476254
"291","Magnesium",4.64244984762295
"292","Calcium",4.55336424501749
"293","Potassium",4.69903433588106
"294","Sodium",2.0138054405615
"295","Iron",7.37064438945596
"296","Magnesium",2.73748548354911
"297","Calcium",7.09656921758293
"298","Potassium",1.40911264807174
"299","Sodium",2.98631015236268
"300","Iron",5.16056378222658
"301","Magnesium",1.77446658529494
"302","Calcium",1.79038669672343
"303","Potassium",1.72747792595745
"304","Sodium",1.54820487805854
"305","Iron",2.22000163532532
"306","Magnesium",3.28107087350337
"307","Calcium",1.03503216130795
"308","Potassium",3.00875435254512
"309","Sodium",4.98034275687082
"310","Iron",7.40025448885592
"311","Magnesium",5.2441319011779
"312","Calcium",4.06073036224833
"313","Potassium",1.13844246288123
"314","Sodium",2.08759797538031
"315","Iron",2.50230004287807
"316","Magnesium",4.05761024627805
"317","Calcium",2.5288972861166
"318","Potassium",1.50338434332729
"319","Sodium",6.24029749751886
"320","Iron",4.35644632826103
"321","Magnesium",3.05508249796896
"322","Calcium",5.02584108929
"323","Potassium",1.30591939199054
"324","Sodium",3.90313228799007
"325","Iron",2.08446766249379
"326","Magnesium",3.78161036634121
"327","Calcium",2.62919840946896
"328","Potassium",3.73790886596881
"329","Sodium",5.4639619392811
"330","Iron",2.61713576963218
"331","Magnesium",4.76710758920486
"332","Calcium",1.42314564862156
"333","Potassium",1.9124244315804
"334","Sodium",5.60435020071305
"335","Iron",3.21734498407696
"336","Magnesium",1.0474038811846
"337","Calcium",1.42487383069996
"338","Potassium",2.4997000266616
"339","Sodium",4.14411532135888
"340","Iron",2.39891878243001
"341","Magnesium",3.60665912797178
"342","Calcium",4.36777868684876
"343","Potassium",6.33060305662499
"344","Sodium",2.87923723834351
"345","Iron",2.61825252500355
"346","Magnesium",1.11616047906737
"347","Calcium",2.84040537654296
"348","Potassium",2.04808117801211
"349","Sodium",1.8240010553655
"350","Iron",2.41176775946705
"351","Magnesium",4.49482353175357
"352","Calcium",1.01150496590335
"353","Potassium",2.06156483574291
"354","Sodium",2.78941911974156
"355","Iron",1.75917571981392
"356","Magnesium",3.25489217074654
"357","Calcium",3.45315460232909
"358","Potassium",2.6271792411171
"359","Sodium",0.937583959762453
"360","Iron",9.74639685620608
"361","Magnesium",2.29346639437016
"362","Calcium",3.56982935346649
"363","Potassium",3.22744319456072
"364","Sodium",4.56780761053517
"365","Iron",4.07812261714962
"366","Magnesium",2.41822755357551
"367","Calcium",3.4426967910977
"368","Potassium",1.81445844733293
"369","Sodium",4.07190125775221
"370","Iron",2.01954356188008
"371","Magnesium",9.20955124211791
"372","Calcium",1.24668281449885
"373","Potassium",2.10436668804755
"374","Sodium",4.14663327151058
"375","Iron",3.30574774816881
"376","Magnesium",1.95785775500846
"377","Calcium",1.69487795763858
"378","Potassium",2.91461983048964
"379","Sodium",2.57071666261387
"380","Iron",1.21208104779765
"381","Magnesium",2.88195550481747
"382","Calcium",2.8955229472085
"383","Potassium",2.94789516985662
"384","Sodium",1.67704690869539
"385","Iron",3.53531145543492
"386","Magnesium",5.3627327707792
"387","Calcium",3.32694354180257
"388","Potassium",1.57515963522281
"389","Sodium",1.99462526161476
"390","Iron",3.13683280758692
"391","Magnesium",2.04429507132038
"392","Calcium",0.753823498624629
"393","Potassium",4.10959835344935
"394","Sodium",1.77138138172559
"395","Iron",2.0103436400721
"396","Magnesium",5.59043237921876
"397","Calcium",1.89676510504467
"398","Potassium",4.04684784715526
"399","Sodium",1.4314344916507
"400","Iron",2.25704681445182
"401","Magnesium",2.68978777942632
"402","Calcium",1.50879406075971
"403","Potassium",1.96563288623341
"404","Sodium",2.84483746977885
"405","Iron",3.83850800390856
"406","Magnesium",1.25327477345523
"407","Calcium",2.32965104364915
"408","Potassium",4.02492947600896
"409","Sodium",2.20989016680357
"410","Iron",3.03973132265099
"411","Magnesium",3.50109119009686
"412","Calcium",3.30477095683906
"413","Potassium",3.71531451412955
"414","Sodium",2.68561760211118
"415","Iron",2.1496662051997
"416","Magnesium",0.896020599944266
"417","Calcium",2.52822728414282
"418","Potassium",3.28933662602394
"419","Sodium",3.65631021613837
"420","Iron",2.15578224953185
"421","Magnesium",6.6728947574938
"422","Calcium",3.16414720289098
"423","Potassium",2.91968633226989
"424","Sodium",5.34075103849279
"425","Iron",1.75468237857475
"426","Magnesium",2.07159101937552
"427","Calcium",8.88561110444735
"428","Potassium",2.82952567475558
"429","Sodium",6.1274787383534
"430","Iron",1.31111728699711
"431","Magnesium",2.64962393767719
"432","Calcium",3.22658920413989
"433","Potassium",3.36053323699845
"434","Sodium",1.50313741967159
"435","Iron",2.87636789643332
"436","Magnesium",1.6184303413318
"437","Calcium",3.84314452051553
"438","Potassium",4.6584568050371
"439","Sodium",1.02750031109642
"440","Iron",5.21260194791864
"441","Magnesium",1.29367433091523
"442","Calcium",3.75440292204382
"443","Potassium",4.03865359278316
"444","Sodium",2.40720642099548
"445","Iron",1.96239882617205
"446","Magnesium",2.88616959766879
"447","Calcium",3.37588757426015
"448","Potassium",4.30165761840708
"449","Sodium",0.984507217311337
"450","Iron",1.21858742759519
"451","Magnesium",5.70567422479083
"452","Calcium",4.36701777981151
"453","Potassium",3.33007421117768
"454","Sodium",3.9012534130894
"455","Iron",4.22157141322195
"456","Magnesium",0.824688723115353
"457","Calcium",4.69119204467614
"458","Potassium",2.09003241903441
"459","Sodium",3.16941003782048
"460","Iron",2.42874763991
"461","Magnesium",4.18874234333716
"462","Calcium",2.25084856246431
"463","Potassium",3.37796851670957
"464","Sodium",2.16620212686912
"465","Iron",1.83382737370653
"466","Magnesium",4.97414426119302
"467","Calcium",4.0284712130359
"468","Potassium",6.41898847041794
"469","Sodium",2.86927582513693
"470","Iron",4.76546705088009
"471","Magnesium",7.43518910036155
"472","Calcium",2.31104676271433
"473","Potassium",1.23197002303871
"474","Sodium",2.50153645475427
"475","Iron",2.41862224394443
"476","Magnesium",3.07879662633973
"477","Calcium",6.41150668347273
"478","Potassium",2.45463622473536
"479","Sodium",3.31062685429011
"480","Iron",2.39088920592808
"481","Magnesium",2.81877967841309
"482","Calcium",3.13454567087145
"483","Potassium",5.44943301144475
"484","Sodium",2.90293268146438
"485","Iron",3.67928866179579
"486","Magnesium",3.96534529229602
"487","Calcium",4.13148398493589
"488","Potassium",1.82186444020125
"489","Sodium",6.13742815471484
"490","Iron",2.31161897655798
"491","Magnesium",2.50209968458091
"492","Calcium",5.35215986767735
"493","Potassium",5.13139701997882
"494","Sodium",1.4211272610565
"495","Iron",1.82704840291656
"496","Magnesium",1.43590139058979
"497","Calcium",2.8174932191279
"498","Potassium",2.88940869995983
"499","Sodium",3.36579806664955
"500","Iron",3.56575847745995
"501","Magnesium",2.01279933644468
"502","Calcium",1.69564811852199
"503","Potassium",4.60479735423331
"504","Sodium",4.07780036036369
"505","Iron",1.35541038585702
"506","Magnesium",2.4542342114626
"507","Calcium",1.70052560949008
"508","Potassium",0.995472715025158
"509","Sodium",2.91926090997172
"510","Iron",2.39480953626834
"511","Magnesium",2.51330157988112
"512","Calcium",3.12998183710411
"513","Potassium",4.241706095214
"514","Sodium",2.86532967340057
"515","Iron",2.01886427928533
"516","Magnesium",1.86662867540587
"517","Calcium",2.6121038302457
"518","Potassium",3.38470623571687
"519","Sodium",1.46474269663587
"520","Iron",2.42846963266859
"521","Magnesium",4.39506076224432
"522","Calcium",2.3614063322891
"523","Potassium",1.91393206466738
"524","Sodium",2.30863975928195
"525","Iron",4.96966523423007
"526","Magnesium",3.28698245160728
"527","Calcium",5.19352066808392
"528","Potassium",3.01486721892267
"529","Sodium",3.41072723795172
"530","Iron",2.0707001068145
"531","Magnesium",3.60808316844131
"532","Calcium",2.22086970613752
"533","Potassium",1.24747495692982
"534","Sodium",2.96740558430458
"535","Iron",7.23194971911543
"536","Magnesium",4.1646781252329
"537","Calcium",4.80807041923481
"538","Potassium",3.19441402001444
"539","Sodium",2.0353627492965
"540","Iron",2.48741736287261
"541","Magnesium",2.50855191505736
"542","Calcium",2.19893185468819
"543","Potassium",3.87995540779232
"544","Sodium",1.57805457497738
"545","Iron",4.13766067748446
"546","Magnesium",4.29668138994396
"547","Calcium",1.39059849063499
"548","Potassium",3.77628540218479
"549","Sodium",8.991762821506
"550","Iron",2.08194043171781
"551","Magnesium",3.99048129403394
"552","Calcium",1.81525784629929
"553","Potassium",4.56102559312401
"554","Sodium",3.0159849274393
"555","Iron",6.13112156437332
"556","Magnesium",1.3661162440472
"557","Calcium",2.5912350995229
"558","Potassium",2.01183119315102
"559","Sodium",2.58512064927021
"560","Iron",2.15110675970942
"561","Magnesium",1.90089274043231
"562","Calcium",3.4813423761593
"563","Potassium",1.70574645195447
"564","Sodium",5.58598404566663
"565","Iron",1.49495383449531
"566","Magnesium",2.93263927355594
"567","Calcium",3.52700364782479
"568","Potassium",3.63000192326345
"569","Sodium",2.35014269821565
"570","Iron",2.87129842261866
"571","Magnesium",4.43685830166189
"572","Calcium",1.13964513318941
"573","Potassium",1.82126636158991
"574","Sodium",3.21925887089307
"575","Iron",2.23533662068939
"576","Magnesium",5.36072567259032
"577","Calcium",3.73591814800093
"578","Potassium",2.68139892722888
"579","Sodium",1.20617404131462
"580","Iron",2.74183569929126
"581","Magnesium",2.25700117589759
"582","Calcium",2.64214800574945
"583","Potassium",1.54239363047424
"584","Sodium",3.32712795588022
"585","Iron",1.648651041756
"586","Magnesium",2.48173622306412
"587","Calcium",3.26329275251269
"588","Potassium",1.83454938031811
"589","Sodium",3.59500035975521
"590","Iron",1.37806240748295
"591","Magnesium",0.566347944508827
"592","Calcium",3.4722591782967
"593","Potassium",4.01575559631009
"594","Sodium",2.29721747406025
"595","Iron",3.40618760579875
"596","Magnesium",1.43798040455542
"597","Calcium",2.51399203727057
"598","Potassium",0.981147270491166
"599","Sodium",4.83664899292729
"600","Iron",6.86385979858999
"601","Magnesium",4.49215621807673
"602","Calcium",2.69247024065037
"603","Potassium",2.73654119570571
"604","Sodium",1.14544125535233
"605","Iron",3.8944420117672
"606","Magnesium",2.66963727200749
"607","Calcium",1.98137318598171
"608","Potassium",1.34708589238215
"609","Sodium",2.32007395985268
"610","Iron",1.82722974167833
"611","Magnesium",2.23257183813915
"612","Calcium",1.42416304849861
"613","Potassium",6.27722978187195
"614","Sodium",2.66217044925909
"615","Iron",4.62084864602228
"616","Magnesium",0.665019027415019
"617","Calcium",2.27453446033496
"618","Potassium",1.94854990354885
"619","Sodium",1.39751473563742
"620","Iron",5.94941101339702
"621","Magnesium",1.37460674353098
"622","Calcium",3.17360887001951
"623","Potassium",4.19054391719614
"624","Sodium",2.88094595258398
"625","Iron",1.73494645753813
"626","Magnesium",4.2518555934434
"627","Calcium",2.84192909965458
"628","Potassium",1.5640584588843
"629","Sodium",1.37475148419321
"630","Iron",7.62518265498032
"631","Magnesium",1.91873511497445
"632","Calcium",0.891840918827262
"633","Potassium",3.50419783070243
"634","Sodium",3.29145558510066
"635","Iron",1.26623817903946
"636","Magnesium",0.909639232325128
"637","Calcium",2.54273239366969
"638","Potassium",4.85866457935032
"639","Sodium",3.85978463422134
"640","Iron",2.3898630410962
"641","Magnesium",1.87132532353739
"642","Calcium",3.17997877088145
"643","Potassium",3.14357776782021
"644","Sodium",3.69412175765346
"645","Iron",2.20888682029989
"646","Magnesium",4.28706487986979
"647","Calcium",1.65225398677667
"648","Potassium",2.12064275197144
"649","Sodium",4.11763267753723
"650","Iron",4.40177367570265
"651","Magnesium",0.985437154930937
"652","Calcium",2.76864786920904
"653","Potassium",3.69984572788347
"654","Sodium",1.3751022219194
"655","Iron",3.43383342572432
"656","Magnesium",1.79810078721512
"657","Calcium",4.6224427810091
"658","Potassium",3.55707415008264
"659","Sodium",3.93679904776877
"660","Iron",2.88134829342714
"661","Magnesium",4.10209636885224
"662","Calcium",5.43106393099073
"663","Potassium",7.17561217113547
"664","Sodium",2.81935416211776
"665","Iron",0.63426331641174
"666","Magnesium",2.80159901498487
"667","Calcium",2.96372832290612
"668","Potassium",2.71385200958666
"669","Sodium",3.58812990328992
"670","Iron",4.55386445330556
"671","Magnesium",2.13674032636687
"672","Calcium",2.37133172403767
"673","Potassium",3.36834877837215
"674","Sodium",2.26424150326905
"675","Iron",2.93795181521511
"676","Magnesium",1.03897307932307
"677","Calcium",1.73181169401671
"678","Potassium",1.45782989645388
"679","Sodium",1.83894691100332
"680","Iron",2.04646731497859
"681","Magnesium",3.30698264950952
"682","Calcium",4.5143348623659
"683","Potassium",1.86204440442241
"684","Sodium",1.66381275607983
"685","Iron",1.61867458005252
"686","Magnesium",2.1453927852265
"687","Calcium",2.61553572210614
"688","Potassium",3.40597976031165
"689","Sodium",2.27925513349041
"690","Iron",1.09395719962169
"691","Magnesium",2.59474542322766
"692","Calcium",5.03821442649798
"693","Potassium",4.87154072909208
"694","Sodium",1.83091759361517
"695","Iron",1.22862204498924
"696","Magnesium",9.19394050397695
"697","Calcium",2.47592235523898
"698","Potassium",2.52348020948904
"699","Sodium",3.44019228975282
"700","Iron",1.18376050732558
"701","Magnesium",1.88042505764482
"702","Calcium",1.17553716578756
"703","Potassium",1.94368593479458
"704","Sodium",2.72351734951143
"705","Iron",1.07890163815195
"706","Magnesium",3.83897498982466
"707","Calcium",3.21713702009966
"708","Potassium",1.79307687484927
"709","Sodium",2.82031882851664
"710","Iron",4.01899687955656
"711","Magnesium",4.67268797858187
"712","Calcium",2.43608741881954
"713","Potassium",2.67645333824537
"714","Sodium",2.71500043549378
"715","Iron",5.57639520544865
"716","Magnesium",4.96543838225379
"717","Calcium",4.22439220928846
"718","Potassium",2.47694138561123
"719","Sodium",3.2444802159052
"720","Iron",3.31247127488322
"721","Magnesium",1.52246434136427
"722","Calcium",1.1862443765774
"723","Potassium",3.77324937058335
"724","Sodium",1.27447325687555
"725","Iron",2.65250241897404
"726","Magnesium",3.05740159479884
"727","Calcium",3.80211243722242
"728","Potassium",2.89540933023466
"729","Sodium",1.84372244048584
"730","Iron",4.31089772789938
"731","Magnesium",6.35979274342903
"732","Calcium",4.19450772707726
"733","Potassium",0.989446475695867
"734","Sodium",5.41109738879419
"735","Iron",2.565767258565
"736","Magnesium",3.51443189914741
"737","Calcium",3.82334544502699
"738","Potassium",2.55421751855308
"739","Sodium",2.48956896277111
"740","Iron",4.41791815574751
"741","Magnesium",3.67943257087976
"742","Calcium",4.28886968064837
"743","Potassium",8.87355599076431
"744","Sodium",3.69175935056587
"745","Iron",2.90037100812318
"746","Magnesium",1.0989639305834
"747","Calcium",10.6173309999427
"748","Potassium",2.39185717270104
"749","Sodium",8.98937042044774
"750","Iron",3.26216461776246
"751","Magnesium",5.76192106384777
"752","Calcium",2.46310942413947
"753","Potassium",3.46073151319686
"754","Sodium",3.15325749210614
"755","Iron",2.5433783158329
"756","Magnesium",2.64842739582636
"757","Calcium",4.49182915468544
"758","Potassium",2.30244689899045
"759","Sodium",1.01397540673652
"760","Iron",2.44320252107677
"761","Magnesium",3.53008393974972
"762","Calcium",3.9180289857643
"763","Potassium",3.78678816237509
"764","Sodium",1.14359105632818
"765","Iron",3.07828565918476
"766","Magnesium",4.38157803699756
"767","Calcium",5.24539720437898
"768","Potassium",2.46637856760526
"769","Sodium",2.34138678830758
"770","Iron",5.82422400336174
"771","Magnesium",1.16371457737459
"772","Calcium",2.15035246336185
"773","Potassium",3.39149427176154
"774","Sodium",1.28404767648824
"775","Iron",3.09925181222528
"776","Magnesium",7.02735317926155
"777","Calcium",2.58995006519632
"778","Potassium",2.23788159147501
"779","Sodium",3.45957142487856
"780","Iron",2.44029556860278
"781","Magnesium",4.04169650118187
"782","Calcium",4.21483731858511
"783","Potassium",2.43800502153563
"784","Sodium",1.54674409235434
"785","Iron",1.31591254116365
"786","Magnesium",2.0610733429638
"787","Calcium",4.19261331881516
"788","Potassium",0.971525387976319
"789","Sodium",1.1281562469506
"790","Iron",1.94507005373122
"791","Magnesium",3.34768553291518
"792","Calcium",1.60595616535704
"793","Potassium",4.27674505118754
"794","Sodium",3.34182552351065
"795","Iron",2.67564807364141
"796","Magnesium",3.97481809129893
"797","Calcium",3.35422698517525
"798","Potassium",2.12420589547018
"799","Sodium",3.10354075019955
"800","Iron",3.73966427133131
"801","Magnesium",3.2235287988469
"802","Calcium",2.02439250074319
"803","Potassium",4.24330708767655
"804","Sodium",4.86574660392243
"805","Iron",3.16735442517543
"806","Magnesium",2.9592150097129
"807","Calcium",2.6452531071435
"808","Potassium",8.01926048538004
"809","Sodium",3.21257445157943
"810","Iron",2.58242162097623
"811","Magnesium",0.855116966639674
"812","Calcium",1.35348717959558
"813","Potassium",2.66967042175416
"814","Sodium",2.99833526078478
"815","Iron",3.01293559558935
"816","Magnesium",4.05023917416928
"817","Calcium",2.37980951885044
"818","Potassium",4.95944304377896
"819","Sodium",1.66217712781826
"820","Iron",1.46587186000376
"821","Magnesium",1.36796948245409
"822","Calcium",3.87764287819324
"823","Potassium",2.64344496965802
"824","Sodium",4.05596784429087
"825","Iron",2.3373243115129
"826","Magnesium",2.12321516113068
"827","Calcium",2.09692440595279
"828","Potassium",1.12475061728823
"829","Sodium",1.67164514461224
"830","Iron",1.28099967033749
"831","Magnesium",4.64384352981051
"832","Calcium",1.96061397016761
"833","Potassium",4.03168347602142
"834","Sodium",5.88380760456222
"835","Iron",2.37833784428911
"836","Magnesium",3.07735639068803
"837","Calcium",1.18576612021712
"838","Potassium",1.84675963644872
"839","Sodium",2.8764555381673
"840","Iron",3.28202619076567
"841","Magnesium",1.936472828526
"842","Calcium",10.2987251745128
"843","Potassium",2.17688355192821
"844","Sodium",2.76710664300258
"845","Iron",3.76120810838636
"846","Magnesium",2.77488410288126
"847","Calcium",1.99797562185148
"848","Potassium",4.59988947918169
"849","Sodium",6.08484106933465
"850","Iron",2.71792351023659
"851","Magnesium",3.48285693108673
"852","Calcium",2.54690228562505
"853","Potassium",4.68037236619544
"854","Sodium",1.58649317551777
"855","Iron",8.57868861830291
"856","Magnesium",1.88734464865603
"857","Calcium",1.21478525528179
"858","Potassium",2.33884950512397
"859","Sodium",2.96849070374346
"860","Iron",6.06466282344774
"861","Magnesium",4.25020723542814
"862","Calcium",3.01678814155492
"863","Potassium",1.32626801938361
"864","Sodium",1.7570960004933
"865","Iron",2.54042572301258
"866","Magnesium",9.72441628372126
"867","Calcium",0.99888351015128
"868","Potassium",4.74390350193706
"869","Sodium",1.98026789734023
"870","Iron",6.29951921128534
"871","Magnesium",1.67107606970777
"872","Calcium",2.94509210255947
"873","Potassium",1.64993727944422
"874","Sodium",4.20550306998279
"875","Iron",5.69408924709605
"876","Magnesium",7.19560691596328
"877","Calcium",3.90727391468065
"878","Potassium",6.84099635801564
"879","Sodium",5.11727043120025
"880","Iron",2.61316732190374
"881","Magnesium",3.5820635789837
"882","Calcium",1.52470559527221
"883","Potassium",2.53963414269037
"884","Sodium",5.07692984146904
"885","Iron",3.54213703850657
"886","Magnesium",3.47695786730395
"887","Calcium",1.47613205001972
"888","Potassium",2.03065303343609
"889","Sodium",1.54174302459021
"890","Iron",3.34352279885914
"891","Magnesium",1.81672135116366
"892","Calcium",3.75451137486321
"893","Potassium",1.28952490605991
"894","Sodium",6.83545646756613
"895","Iron",3.38726915756811
"896","Magnesium",1.91207903421568
"897","Calcium",2.84484409221525
"898","Potassium",2.31758757727726
"899","Sodium",3.21989259999213
"900","Iron",3.1076615701816
"901","Magnesium",1.61800524110901
"902","Calcium",1.72750582667304
"903","Potassium",3.19087099748285
"904","Sodium",6.22844030788135
"905","Iron",4.68080286541397
"906","Magnesium",2.04587776554699
"907","Calcium",4.06170229060206
"908","Potassium",2.78154573999944
"909","Sodium",3.12447074568394
"910","Iron",3.03825088728317
"911","Magnesium",9.95665584735863
"912","Calcium",1.61432663014973
"913","Potassium",2.92703130213472
"914","Sodium",1.1383414129953
"915","Iron",3.81018506258342
"916","Magnesium",4.60242332138242
"917","Calcium",5.71413833868439
"918","Potassium",1.20957598216834
"919","Sodium",3.34684380857582
"920","Iron",6.08819814066204
"921","Magnesium",2.27096923138219
"922","Calcium",2.56406386752234
"923","Potassium",2.58319240515893
"924","Sodium",3.35212152474043
"925","Iron",3.61991613227793
"926","Magnesium",5.4612739946498
"927","Calcium",2.53441616005101
"928","Potassium",2.96696144157367
"929","Sodium",9.45685836726813
"930","Iron",3.24711522260998
"931","Magnesium",2.96103018787325
"932","Calcium",1.39555768914597
"933","Potassium",2.68816962376822
"934","Sodium",2.63614491518401
"935","Iron",2.52463430523814
"936","Magnesium",2.02811799868292
"937","Calcium",2.04609484910241
"938","Potassium",1.81213095174501
"939","Sodium",2.42793484900519
"940","Iron",5.58174696979278
"941","Magnesium",4.40631094761049
"942","Calcium",2.19016829854544
"943","Potassium",1.05020363257554
"944","Sodium",1.84490216593952
"945","Iron",2.0755731183217
"946","Magnesium",2.90963448230623
"947","Calcium",1.88711072453951
"948","Potassium",7.39852681177352
"949","Sodium",2.45793639576595
"950","Iron",1.4951598966673
"951","Magnesium",2.33884016878623
"952","Calcium",1.59070541183136
"953","Potassium",3.01038439203739
"954","Sodium",3.24112852413667
"955","Iron",3.13571972112221
"956","Magnesium",1.18526446629908
"957","Calcium",3.02727875423523
"958","Potassium",3.10148113225812
"959","Sodium",1.19742373107615
"960","Iron",4.56665787895795
"961","Magnesium",4.17106496249255
"962","Calcium",8.44254601569062
"963","Potassium",2.75143201401874
"964","Sodium",2.75481056770261
"965","Iron",2.89581981247481
"966","Magnesium",2.8018985456227
"967","Calcium",1.19163401039437
"968","Potassium",1.15407583403874
"969","Sodium",2.4983574058092
"970","Iron",2.18489425618542
"971","Magnesium",2.77030118204725
"972","Calcium",0.917516108295838
"973","Potassium",1.25854559745077
"974","Sodium",1.57274979947905
"975","Iron",4.21869015967467
"976","Magnesium",1.63782641592912
"977","Calcium",1.89468486123649
"978","Potassium",2.89196304188615
"979","Sodium",2.27207580674585
"980","Iron",2.93467962127884
"981","Magnesium",8.46312284970094
"982","Calcium",1.58511528745552
"983","Potassium",2.25155154474227
"984","Sodium",2.23102355187188
"985","Iron",5.6977964479952
"986","Magnesium",1.64422448049795
"987","Calcium",2.62623863350622
"988","Potassium",3.86614020473003
"989","Sodium",1.50833749586518
"990","Iron",6.29927129898826
"991","Magnesium",3.99819348672741
"992","Calcium",1.56240140783687
"993","Potassium",3.50913194788628
"994","Sodium",2.30555590232609
"995","Iron",3.3522017862794
"996","Magnesium",2.59819409236673
"997","Calcium",4.56453520745678
"998","Potassium",1.42302376379746
"999","Sodium",2.01227019963588
"1000","Iron",2.40487852499584
"1001","Magnesium",1.66236548090982
"1002","Calcium",1.73302308351683
"1003","Potassium",2.63729455885181
"1004","Sodium",2.50691067094114
"1005","Iron",0.772221123129873
"1006","Magnesium",4.66327381522554
"1007","Calcium",3.26935418087634
"1008","Potassium",9.25666516294886
"1009","Sodium",3.92500810018288
"1010","Iron",1.98358698936707
"1011","Magnesium",11.1035393064614
"1012","Calcium",11.2775736764738
"1013","Potassium",1.40815269891137
"1014","Sodium",3.38022165137879
"1015","Iron",2.30889541621335
"1016","Magnesium",2.98352390263399
"1017","Calcium",3.05488667315736
"1018","Potassium",1.27100453906077
"1019","Sodium",2.97738548597342
"1020","Iron",6.53581418533084
"1021","Magnesium",2.40147573545772
"1022","Calcium",2.47569945958278
"1023","Potassium",5.57081207419989
"1024","Sodium",4.21710626047726
"1025","Iron",1.20484950649072
"1026","Magnesium",3.10894577101391
"1027","Calcium",6.10134039469192
"1028","Potassium",5.64018614889469
"1029","Sodium",3.44510504132569
"1030","Iron",4.02586880733659
"1031","Magnesium",1.45149240289584
"1032","Calcium",3.01196871435921
"1033","Potassium",1.73781895174226
"1034","Sodium",2.22376079459431
"1035","Iron",4.59372219678769
"1036","Magnesium",1.7115967156742
"1037","Calcium",3.05989502980364
"1038","Potassium",3.26680674830092
"1039","Sodium",2.85604783390461
"1040","Iron",6.95980774757701
"1041","Magnesium",1.51208815595926
"1042","Calcium",3.6025106348829
"1043","Potassium",2.77483000473706
"1044","Sodium",2.56963651244802
"1045","Iron",3.44769086581623
"1046","Magnesium",1.46996627893669
"1047","Calcium",1.35529863794072
"1048","Potassium",2.23959196209875
"1049","Sodium",6.74192402310632
"1050","Iron",2.79355288407015
"1051","Magnesium",3.14507847957737
"1052","Calcium",2.50265021256043
"1053","Potassium",3.4537135849344
"1054","Sodium",1.59810631448541
"1055","Iron",4.90907458113229
"1056","Magnesium",3.78038765099159
"1057","Calcium",1.8175614120391
"1058","Potassium",2.85602287424727
"1059","Sodium",3.91426199523349
"1060","Iron",3.63871822867164
"1061","Magnesium",5.68149315461292
"1062","Calcium",2.12050561863139
"1063","Potassium",4.77281785324266
"1064","Sodium",4.51405621853438
"1065","Iron",2.56922258669248
"1066","Magnesium",1.76441602493774
"1067","Calcium",1.5693989043915
"1068","Potassium",3.14962952647095
"1069","Sodium",2.7869257932042
"1070","Iron",6.54133640285489
"1071","Magnesium",3.51729218222397
"1072","Calcium",2.4188429068331
"1073","Potassium",1.43799514164541
"1074","Sodium",1.9208957959583
"1075","Iron",3.15170411965814
"1076","Magnesium",2.0382898583815
"1077","Calcium",3.62559434743147
"1078","Potassium",2.42626987764154
"1079","Sodium",2.62861909960788
"1080","Iron",1.84260073821733
"1081","Magnesium",7.00406684237996
"1082","Calcium",3.15332086612255
"1083","Potassium",2.99806386057306
"1084","Sodium",1.21485369481761
"1085","Iron",3.8715763261585
"1086","Magnesium",1.5837037073047
"1087","Calcium",1.7725152822936
"1088","Potassium",4.06381030871962
"1089","Sodium",2.17524680148367
"1090","Iron",1.04622686701007
"1091","Magnesium",6.69589198443728
"1092","Calcium",0.946614453435909
"1093","Potassium",3.40010336583665
"1094","Sodium",4.61274087127361
"1095","Iron",1.92623921510827
"1096","Magnesium",3.37806194255373
"1097","Calcium",3.47556536756906
"1098","Potassium",4.64256674673114
"1099","Sodium",3.38080135423358
"1100","Iron",2.43702641336353
"1101","Magnesium",4.25063162745146
"1102","Calcium",4.18164758685495
"1103","Potassium",1.54470204075229
"1104","Sodium",1.43130289503614
"1105","Iron",3.08419782141074
"1106","Magnesium",2.10935291095122
"1107","Calcium",1.72546011782071
"1108","Potassium",2.79848489641741
"1109","Sodium",1.41597220571944
"1110","Iron",2.91947829583582
"1111","Magnesium",2.05801841073988
"1112","Calcium",4.47954953030726
"1113","Potassium",9.19551325213512
"1114","Sodium",1.70883087806402
"1115","Iron",4.57037342203388
"1116","Magnesium",4.09248414610814
"1117","Calcium",2.60180365494023
"1118","Potassium",2.18714453094089
"1119","Sodium",5.89295725539965
"1120","Iron",1.05573286933752
"1121","Magnesium",1.87089731865568
"1122","Calcium",1.17679157742541
"1123","Potassium",5.48691316259843
"1124","Sodium",2.51259165753455
"1125","Iron",2.19358791759719
"1126","Magnesium",13.4293624418173
"1127","Calcium",2.67309654735666
"1128","Potassium",2.24654654756987
"1129","Sodium",3.05993036028831
"1130","Iron",1.12677793766974
"1131","Magnesium",3.35191156855503
"1132","Calcium",2.59514769804381
"1133","Potassium",3.50199089935937
"1134","Sodium",1.75395768947053
"1135","Iron",1.77825289401735
"1136","Magnesium",1.95477852368716
"1137","Calcium",1.83869768913208
"1138","Potassium",5.13837931808465
"1139","Sodium",6.01230102638793
"1140","Iron",2.50675739016572
"1141","Magnesium",2.23919449639743
"1142","Calcium",2.23821966653679
"1143","Potassium",2.71344525295551
"1144","Sodium",2.75493652986563
"1145","Iron",3.28937842425581
"1146","Magnesium",1.89641259538181
"1147","Calcium",1.73688325319804
"1148","Potassium",4.78788138814707
"1149","Sodium",2.08543502515799
"1150","Iron",3.11327601459147
"1151","Magnesium",2.63335411380413
"1152","Calcium",1.66312243789791
"1153","Potassium",3.7305405412272
"1154","Sodium",2.95717420401751
"1155","Iron",5.45555433378988
"1156","Magnesium",3.11999087399409
"1157","Calcium",2.41175381364038
"1158","Potassium",3.13710561873992
"1159","Sodium",1.42949107098041
"1160","Iron",1.90762185470673
"1161","Magnesium",3.41505271188077
"1162","Calcium",2.29641388713122
"1163","Potassium",2.71535241659392
"1164","Sodium",2.52497368637072
"1165","Iron",1.92680865799791
"1166","Magnesium",1.03473010717778
"1167","Calcium",3.25020433983257
"1168","Potassium",3.95323614302543
"1169","Sodium",1.40615898480675
"1170","Iron",5.72928201438787
"1171","Magnesium",3.34223716367095
"1172","Calcium",5.44595252698052
"1173","Potassium",1.64248577870017
"1174","Sodium",3.08634680262126
"1175","Iron",2.43916997681308
"1176","Magnesium",3.92733708509788
"1177","Calcium",1.90291623667628
"1178","Potassium",2.73553641282545
"1179","Sodium",1.15911284088077
"1180","Iron",1.70601894458959
"1181","Magnesium",2.89843141462068
"1182","Calcium",1.81810922156436
"1183","Potassium",2.70908939909585
"1184","Sodium",1.99573268180737
"1185","Iron",3.76850481549454
"1186","Magnesium",4.87116398765813
"1187","Calcium",1.69813929653154
"1188","Potassium",2.32313757308801
"1189","Sodium",5.55729517183374
"1190","Iron",0.868878551733201
"1191","Magnesium",2.16681994217066
"1192","Calcium",7.57349583531054
"1193","Potassium",8.12270675358762
"1194","Sodium",2.79134575383832
"1195","Iron",1.79531527284571
"1196","Magnesium",3.09003733826847
"1197","Calcium",2.03951908227899
"1198","Potassium",5.54057933298816
"1199","Sodium",1.75053565570507
"1200","Iron",3.22888252159935
"1201","Magnesium",3.76648523931573
"1202","Calcium",1.85729174527677
"1203","Potassium",4.06652310546041
"1204","Sodium",1.7189821591368
"1205","Iron",3.78112738120028
"1206","Magnesium",4.59921608934372
"1207","Calcium",1.70797725753585
"1208","Potassium",4.73764916800071
"1209","Sodium",2.20028561718289
"1210","Iron",3.25870609072185
"1211","Magnesium",2.86459788916735
"1212","Calcium",2.29771279262841
"1213","Potassium",3.17700529969855
"1214","Sodium",1.43855221949825
"1215","Iron",2.53743456960696
"1216","Magnesium",4.15667192243393
"1217","Calcium",0.982670046902124
"1218","Potassium",1.12039606992866
"1219","Sodium",1.66637352361667
"1220","Iron",1.08729435542233
"1221","Magnesium",3.1446691778349
"1222","Calcium",1.74998511771654
"1223","Potassium",0.769860760528945
"1224","Sodium",1.95386435807812
"1225","Iron",2.10133328970792
"1226","Magnesium",3.99252988644079
"1227","Calcium",1.52116128379589
"1228","Potassium",4.92279766245101
"1229","Sodium",3.34898998520012
"1230","Iron",3.19395647336782
"1231","Magnesium",1.77331201574403
"1232","Calcium",7.20997877330395
"1233","Potassium",2.50158527922497
"1234","Sodium",1.04689432683283
"1235","Iron",2.49095997647933
"1236","Magnesium",0.925050828844859
"1237","Calcium",2.36513586074688
"1238","Potassium",2.16700353584649
"1239","Sodium",3.78897907843543
"1240","Iron",4.57359955413062
"1241","Magnesium",1.84794354888981
"1242","Calcium",3.96907021901377
"1243","Potassium",5.4206217227322
"1244","Sodium",1.90352524274092
"1245","Iron",1.72834452937587
"1246","Magnesium",3.72195825582402
"1247","Calcium",2.99695591599264
"1248","Potassium",3.43901401508606
"1249","Sodium",5.48747950437883
"1250","Iron",3.3657672426059
"1251","Magnesium",4.41661116387731
"1252","Calcium",3.6228403030931
"1253","Potassium",3.55262672309428
"1254","Sodium",3.23163401300723
"1255","Iron",5.08782962204017
"1256","Magnesium",1.56108751570933
"1257","Calcium",1.52082143808251
"1258","Potassium",3.67314211686961
"1259","Sodium",2.49001194948411
"1260","Iron",2.84092139239901
"1261","Magnesium",4.0080602365991
"1262","Calcium",3.99521632831775
"1263","Potassium",2.45870842378594
"1264","Sodium",2.24493042808049
"1265","Iron",2.80790188932939
"1266","Magnesium",4.6915792836301
"1267","Calcium",3.36909045487875
"1268","Potassium",5.58630718236865
"1269","Sodium",2.71300810507018
"1270","Iron",4.79061761604121
"1271","Magnesium",4.22456920291699
"1272","Calcium",3.5815935735425
"1273","Potassium",3.36201079780496
"1274","Sodium",2.31776298278152
"1275","Iron",2.71762971738749
"1276","Magnesium",2.99568756298027
"1277","Calcium",2.80076264632736
"1278","Potassium",4.15892664978183
"1279","Sodium",2.50780410980575
"1280","Iron",2.54144776863069
"1281","Magnesium",2.25683385616217
"1282","Calcium",2.52150975493294
"1283","Potassium",2.64090374736894
"1284","Sodium",0.884846675042166
"1285","Iron",1.32069369966617
"1286","Magnesium",2.65159739372729
"1287","Calcium",2.53127563026455
"1288","Potassium",1.5528756668988
"1289","Sodium",1.0756798807429
"1290","Iron",2.19344890451267
"1291","Magnesium",3.78667171844292
"1292","Calcium",6.62636311455792
"1293","Potassium",2.60100277511171
"1294","Sodium",5.74676883581215
"1295","Iron",3.03084822498028
"1296","Magnesium",2.78247686063805
"1297","Calcium",3.2529335466782
"1298","Potassium",1.65155792657599
"1299","Sodium",2.68409023115173
"1300","Iron",4.17697687377242
"1301","Magnesium",1.9275372389639
"1302","Calcium",2.18766360994803
"1303","Potassium",1.53334405603018
"1304","Sodium",3.3793287593478
"1305","Iron",3.33929490698279
"1306","Magnesium",3.74843809414762
"1307","Calcium",1.61754012162498
"1308","Potassium",3.07163709675335
"1309","Sodium",1.94379944239022
"1310","Iron",2.67839655447803
"1311","Magnesium",5.2136280635499
"1312","Calcium",2.17838722134018
"1313","Potassium",3.93329698933058
"1314","Sodium",1.99707638974344
"1315","Iron",2.15487168268733
"1316","Magnesium",3.401105525852
"1317","Calcium",2.08702717462258
"1318","Potassium",1.1763122721985
"1319","Sodium",5.1853048111295
"1320","Iron",3.30340730217781
"1321","Magnesium",2.02584613708392
"1322","Calcium",0.949483876934855
"1323","Potassium",7.00270298442661
"1324","Sodium",14.6134114116215
"1325","Iron",3.14326875745437
"1326","Magnesium",3.99794481318385
"1327","Calcium",4.95516138470314
"1328","Potassium",1.87678027076871
"1329","Sodium",2.40106918247021
"1330","Iron",1.15197058087713
"1331","Magnesium",1.97524823141203
"1332","Calcium",3.68121875557773
"1333","Potassium",2.5176695966983
"1334","Sodium",2.49088747437947
"1335","Iron",2.62425228216249
"1336","Magnesium",1.15829664690644
"1337","Calcium",3.98399749494912
"1338","Potassium",1.3197686550005
"1339","Sodium",2.47052848623992
"1340","Iron",2.1063667873598
"1341","Magnesium",2.43805942445004
"1342","Calcium",5.56842382918161
"1343","Potassium",2.0538721525724
"1344","Sodium",1.65910032650607
"1345","Iron",1.29991005753084
"1346","Magnesium",1.75330754830434
"1347","Calcium",1.61119637143521
"1348","Potassium",3.13602326284553
"1349","Sodium",1.76986422168623
"1350","Iron",3.14249116281218
"1351","Magnesium",2.62042934984674
"1352","Calcium",1.16939459938686
"1353","Potassium",1.77582268745597
"1354","Sodium",4.30268482897294
"1355","Iron",4.33096377571731
"1356","Magnesium",7.44530884387989
"1357","Calcium",2.74227706853007
"1358","Potassium",1.11985328092804
"1359","Sodium",1.93622737700272
"1360","Iron",3.35581588947669
"1361","Magnesium",6.8476960160811
"1362","Calcium",2.85464312206212
"1363","Potassium",4.90295472596526
"1364","Sodium",4.06137407413215
"1365","Iron",1.45268793108448
"1366","Magnesium",2.58614579370923
"1367","Calcium",5.18099988582955
"1368","Potassium",4.25066118197918
"1369","Sodium",3.52058270891789
"1370","Iron",3.48968864275631
"1371","Magnesium",2.06084682711711
"1372","Calcium",1.48737769487548
"1373","Potassium",5.34282753640689
"1374","Sodium",1.24336118534544
"1375","Iron",1.68165101306252
"1376","Magnesium",3.8231897585299
"1377","Calcium",1.36094773451906
"1378","Potassium",1.89086347208043
"1379","Sodium",1.45524018375042
"1380","Iron",3.81405252406702
"1381","Magnesium",3.26171154857319
"1382","Calcium",3.3318159039168
"1383","Potassium",3.48755763767086
"1384","Sodium",3.59638285091206
"1385","Iron",3.79890901558664
"1386","Magnesium",1.17819064363753
"1387","Calcium",2.61343831359226
"1388","Potassium",2.93463440340502
"1389","Sodium",3.95441229533013
"1390","Iron",1.38534659086872
"1391","Magnesium",2.20134294734248
"1392","Calcium",1.64332764401706
"1393","Potassium",4.65217069760623
"1394","Sodium",5.15849960539072
"1395","Iron",3.90318532861777
"1396","Magnesium",1.49056636012587
"1397","Calcium",3.53298597918996
"1398","Potassium",4.77065539564327
"1399","Sodium",2.77630968999617
"1400","Iron",2.23196996465705
"1401","Magnesium",1.5228077229244
"1402","Calcium",2.06309838319708
"1403","Potassium",3.94857566257694
"1404","Sodium",2.35636040272125
"1405","Iron",3.04172458667211
"1406","Magnesium",5.16379341689753
"1407","Calcium",3.80298920933287
"1408","Potassium",5.5937596446806
"1409","Sodium",1.192768758714
"1410","Iron",2.37934645452432
"1411","Magnesium",2.88240771336332
"1412","Calcium",3.56297138896031
"1413","Potassium",1.56475420967043
"1414","Sodium",3.96879858959612
"1415","Iron",3.1401361777847
"1416","Magnesium",3.18104151780198
"1417","Calcium",3.42888648668108
"1418","Potassium",2.64973288986982
"1419","Sodium",4.36813464345505
"1420","Iron",3.90223112214113
"1421","Magnesium",2.73817056607817
"1422","Calcium",4.51554960929357
"1423","Potassium",3.18552807153738
"1424","Sodium",3.95349072636622
"1425","Iron",2.03952818674242
"1426","Magnesium",5.92536453942791
"1427","Calcium",2.61310861340707
"1428","Potassium",4.29341996071996
"1429","Sodium",2.84550818320971
"1430","Iron",2.25886800050535
"1431","Magnesium",4.03482312093689
"1432","Calcium",1.07402670303181
"1433","Potassium",3.45975875732234
"1434","Sodium",3.27873589901017
"1435","Iron",0.705130353142839
"1436","Magnesium",3.55751971165485
"1437","Calcium",0.779371183320338
"1438","Potassium",3.82388491609753
"1439","Sodium",2.34961449266625
"1440","Iron",1.85929407713698
"1441","Magnesium",2.62705837460067
"1442","Calcium",5.40551716181954
"1443","Potassium",2.10855410728106
"1444","Sodium",3.55891797421301
"1445","Iron",3.12127937327001
"1446","Magnesium",1.51423535202556
"1447","Calcium",0.936464654005183
"1448","Potassium",0.856168482129066
"1449","Sodium",3.6896284275575
"1450","Iron",2.71735178860115
"1451","Magnesium",6.63970885962269
"1452","Calcium",3.6830778373716
"1453","Potassium",3.92674613475106
"1454","Sodium",5.25257418379703
"1455","Iron",2.14618805592834
"1456","Magnesium",3.3651626780741
"1457","Calcium",4.3238616031781
"1458","Potassium",5.51215379930875
"1459","Sodium",3.91268855109545
"1460","Iron",3.46751090888074
"1461","Magnesium",1.78066580229268
"1462","Calcium",3.97987371309135
"1463","Potassium",3.55790740005552
"1464","Sodium",3.60425919383377
"1465","Iron",3.15699106929668
"1466","Magnesium",2.67787632572529
"1467","Calcium",2.63893133579735
"1468","Potassium",3.87069558610823
"1469","Sodium",2.84255812514111
"1470","Iron",1.90814852749676
"1471","Magnesium",2.53513499239446
"1472","Calcium",1.55834889112925
"1473","Potassium",1.47376140443008
"1474","Sodium",2.42462170887376
"1475","Iron",1.1159824823616
"1476","Magnesium",1.23819329676106
"1477","Calcium",4.66312813824522
"1478","Potassium",1.95157777588075
"1479","Sodium",1.09995138578012
"1480","Iron",2.47486840835091
"1481","Magnesium",5.46647383078072
"1482","Calcium",3.60275804757976
"1483","Potassium",3.44041034085833
"1484","Sodium",4.71330932077895
"1485","Iron",1.79883625370455
"1486","Magnesium",4.06354830739558
"1487","Calcium",2.13897482554782
"1488","Potassium",2.57933459905377
"1489","Sodium",8.0778373443528
"1490","Iron",4.41952761159351
"1491","Magnesium",3.89555080389309
"1492","Calcium",1.60237239144241
"1493","Potassium",1.73630809565983
"1494","Sodium",8.35593722657086
"1495","Iron",1.53055736346427
"1496","Magnesium",2.90357310343425
"1497","Calcium",4.35597287348515
"1498","Potassium",4.490439946558
"1499","Sodium",4.6821065848284
"1500","Iron",2.64342682012542
"1501","Magnesium",1.98888076405536
"1502","Calcium",2.32587753327198
"1503","Potassium",1.76476940144019
"1504","Sodium",3.85020565102275
"1505","Iron",4.74221985404433
"1506","Magnesium",7.76995697622612
"1507","Calcium",3.36375870842928
"1508","Potassium",1.60278306097043
"1509","Sodium",4.51234507054324
"1510","Iron",4.23305493973968
"1511","Magnesium",2.36073730661573
"1512","Calcium",0.972053049331581
"1513","Potassium",3.91881580865664
"1514","Sodium",4.90726062779546
"1515","Iron",2.29848976581692
"1516","Magnesium",3.49226513827203
"1517","Calcium",2.3014074718109
"1518","Potassium",3.73599314686786
"1519","Sodium",2.57805379862333
"1520","Iron",2.34724145056912
"1521","Magnesium",3.01917368717736
"1522","Calcium",2.2025313351055
"1523","Potassium",2.06235298723186
"1524","Sodium",2.30575414314662
"1525","Iron",2.73575305720838
"1526","Magnesium",2.9122737427064
"1527","Calcium",5.85320667126018
"1528","Potassium",1.26314569720216
"1529","Sodium",2.52604197563912
"1530","Iron",3.63296971984323
"1531","Magnesium",6.56648493705029
"1532","Calcium",3.15086109944444
"1533","Potassium",2.73234980902383
"1534","Sodium",2.44159557204961
"1535","Iron",3.42057076555251
"1536","Magnesium",4.56260382026497
"1537","Calcium",2.34394022952931
"1538","Potassium",2.93329269231918
"1539","Sodium",3.02274373894129
"1540","Iron",3.98632858005196
"1541","Magnesium",4.72157763896838
"1542","Calcium",3.10512878326808
"1543","Potassium",2.78451461045911
"1544","Sodium",5.56845350917258
"1545","Iron",2.7757184226898
"1546","Magnesium",5.94456210480369
"1547","Calcium",2.53619392714875
"1548","Potassium",3.99208803183968
"1549","Sodium",1.20534083068424
"1550","Iron",2.68454216117116
"1551","Magnesium",2.69844791637511
"1552","Calcium",1.87134957415254
"1553","Potassium",1.66892020917975
"1554","Sodium",4.35275039662342
"1555","Iron",4.37669544756112
"1556","Magnesium",1.47594990368801
"1557","Calcium",3.19232521205106
"1558","Potassium",1.50294425435519
"1559","Sodium",1.55481623516153
"1560","Iron",3.48436455656881
"1561","Magnesium",2.03550199587555
"1562","Calcium",4.61580521641696
"1563","Potassium",2.67896825080508
"1564","Sodium",3.60814624107335
"1565","Iron",1.97516150332306
"1566","Magnesium",1.47294859602553
"1567","Calcium",4.32452257353756
"1568","Potassium",3.04300805015821
"1569","Sodium",2.34397871727992
"1570","Iron",2.68828526867755
"1571","Magnesium",5.24369406788578
"1572","Calcium",1.922547381778
"1573","Potassium",1.92502200602818
"1574","Sodium",1.90651762553731
"1575","Iron",1.28927868579141
"1576","Magnesium",3.97880995167854
"1577","Calcium",2.93811523363801
"1578","Potassium",3.05999598041913
"1579","Sodium",2.59074898466812
"1580","Iron",2.02831285063005
"1581","Magnesium",1.79617421346394
"1582","Calcium",4.16526242148282
"1583","Potassium",1.4257493836942
"1584","Sodium",3.36435545571436
"1585","Iron",1.65878366560425
"1586","Magnesium",3.06479839496799
"1587","Calcium",1.81391537844248
"1588","Potassium",1.99920370385031
"1589","Sodium",6.61645699561293
"1590","Iron",4.04691083604121
"1591","Magnesium",1.00953038213208
"1592","Calcium",2.88015619068198
"1593","Potassium",2.21899216450943
"1594","Sodium",1.68412974521644
"1595","Iron",2.98797454596561
"1596","Magnesium",2.96723701530573
"1597","Calcium",2.3627256389162
"1598","Potassium",7.27663025382228
"1599","Sodium",0.888729698565451
"1600","Iron",4.19862787505777
"1601","Magnesium",2.349899125128
"1602","Calcium",3.7405067571222
"1603","Potassium",2.10685877371578
"1604","Sodium",2.04903602737612
"1605","Iron",1.15031793663806
"1606","Magnesium",2.41083699543536
"1607","Calcium",9.40510142932662
"1608","Potassium",4.3813659329912
"1609","Sodium",6.20237167477209
"1610","Iron",4.43249020582476
"1611","Magnesium",4.7287681815381
"1612","Calcium",4.30082897453588
"1613","Potassium",3.35082298264287
"1614","Sodium",2.00836016705465
"1615","Iron",2.12146029389963
"1616","Magnesium",1.11993620050921
"1617","Calcium",2.76989009176848
"1618","Potassium",4.28363284542967
"1619","Sodium",4.52213586005322
"1620","Iron",2.8752517115868
"1621","Magnesium",2.07468620290876
"1622","Calcium",14.0031242434193
"1623","Potassium",3.78912790609057
"1624","Sodium",5.54116530252545
"1625","Iron",2.19550768105554
"1626","Magnesium",2.66365653941388
"1627","Calcium",3.23698845626462
"1628","Potassium",6.19269582762318
"1629","Sodium",2.35347317399061
"1630","Iron",4.26991363504022
"1631","Magnesium",0.970626715476881
"1632","Calcium",2.00989160936698
"1633","Potassium",1.38321498057936
"1634","Sodium",4.85241821336827
"1635","Iron",2.55557798516783
"1636","Magnesium",2.31498221788378
"1637","Calcium",5.48969455621597
"1638","Potassium",4.78770790048032
"1639","Sodium",1.84590674379017
"1640","Iron",3.26937930363838
"1641","Magnesium",1.50072223377424
"1642","Calcium",2.10902127620085
"1643","Potassium",6.12017417861384
"1644","Sodium",5.7454199030381
"1645","Iron",4.78314330427692
"1646","Magnesium",1.98029936541378
"1647","Calcium",1.02606141343893
"1648","Potassium",1.41492843691757
"1649","Sodium",4.36764525066443
"1650","Iron",2.30074712905644
"1651","Magnesium",1.00107058956662
"1652","Calcium",2.43481689389174
"1653","Potassium",5.57307520150058
"1654","Sodium",3.82199231529547
"1655","Iron",1.75932055191714
"1656","Magnesium",1.39753133707869
"1657","Calcium",1.80078494204834
"1658","Potassium",2.70033537657273
"1659","Sodium",4.24520850684317
"1660","Iron",0.931389116451496
"1661","Magnesium",4.59908266803908
"1662","Calcium",2.63619297947284
"1663","Potassium",3.74356779704996
"1664","Sodium",0.981888046699986
"1665","Iron",1.83649999432254
"1666","Magnesium",2.13867481163769
"1667","Calcium",4.51106016356891
"1668","Potassium",4.67996402575305
"1669","Sodium",3.37284056540054
"1670","Iron",6.09788243930392
"1671","Magnesium",2.17148690594771
"1672","Calcium",4.52515900658401
"1673","Potassium",2.76597154579107
"1674","Sodium",1.99104799627591
"1675","Iron",4.38306421562312
"1676","Magnesium",5.27386238993983
"1677","Calcium",4.1043730275403
"1678","Potassium",1.88442907320077
"1679","Sodium",2.12389528689904
"1680","Iron",5.55636216093168
"1681","Magnesium",3.14488204965689
"1682","Calcium",4.14711602740155
"1683","Potassium",2.33890322236752
"1684","Sodium",5.13036913495314
"1685","Iron",1.78573751514019
"1686","Magnesium",3.65428942030213
"1687","Calcium",1.74286158454241
"1688","Potassium",0.795256616874846
"1689","Sodium",1.51887658810276
"1690","Iron",2.83063330013642
"1691","Magnesium",4.21461490593488
"1692","Calcium",1.14233778209784
"1693","Potassium",1.53309683755964
"1694","Sodium",6.54528509806428
"1695","Iron",2.25190835488458
"1696","Magnesium",3.35063157361312
"1697","Calcium",2.16052007376298
"1698","Potassium",2.35094231430289
"1699","Sodium",2.72991878478174
"1700","Iron",2.50018555783848
"1701","Magnesium",2.4322359503386
"1702","Calcium",2.2160991351348
"1703","Potassium",0.624093933490898
"1704","Sodium",6.8829742931447
"1705","Iron",6.65896612285439
"1706","Magnesium",1.58306322067694
"1707","Calcium",2.42389786338485
"1708","Potassium",5.41214862586037
"1709","Sodium",4.48908577013861
"1710","Iron",5.07413418838854
"1711","Magnesium",1.61044379314147
"1712","Calcium",9.89251423091659
"1713","Potassium",1.59492497468021
"1714","Sodium",4.03393367912441
"1715","Iron",2.95827113837168
"1716","Magnesium",2.25155591633075
"1717","Calcium",2.239021688906
"1718","Potassium",1.70070470593502
"1719","Sodium",5.99165460504723
"1720","Iron",2.90813358343563
"1721","Magnesium",3.04095531899612
"1722","Calcium",3.25242312224689
"1723","Potassium",2.19370859055232
"1724","Sodium",1.25309685949142
"1725","Iron",3.22316964951259
"1726","Magnesium",0.894394173052095
"1727","Calcium",1.39668051145635
"1728","Potassium",1.60950471533746
"1729","Sodium",1.69475192652617
"1730","Iron",2.77761456275756
"1731","Magnesium",5.92616813495974
"1732","Calcium",1.38072161625555
"1733","Potassium",3.28063764916067
"1734","Sodium",4.10877482945166
"1735","Iron",1.73517008230803
"1736","Magnesium",2.64093313848224
"1737","Calcium",4.33117755428323
"1738","Potassium",2.42663752368006
"1739","Sodium",2.39898728265177
"1740","Iron",3.10769940300846
"1741","Magnesium",2.8063878459639
"1742","Calcium",1.93741070230029
"1743","Potassium",2.59796111293562
"1744","Sodium",7.02480669428306
"1745","Iron",4.15007506143231
"1746","Magnesium",1.87422064748943
"1747","Calcium",1.38392797799608
"1748","Potassium",2.26857281309994
"1749","Sodium",5.32119881669959
"1750","Iron",3.37896626112974
"1751","Magnesium",1.97561492391068
"1752","Calcium",4.39856897080885
"1753","Potassium",2.47006826052187
"1754","Sodium",1.3776365217999
"1755","Iron",3.51220565281473
"1756","Magnesium",5.66164288521695
"1757","Calcium",3.24361118481707
"1758","Potassium",3.05325093664631
"1759","Sodium",1.95233401724075
"1760","Iron",3.69647665431787
"1761","Magnesium",1.73487757796442
"1762","Calcium",1.28064654895688
"1763","Potassium",2.69822632939136
"1764","Sodium",2.72687053099768
"1765","Iron",8.88317860211544
"1766","Magnesium",1.65051996526445
"1767","Calcium",2.96602016560314
"1768","Potassium",4.14617295655052
"1769","Sodium",4.50249424509927
"1770","Iron",2.70766897675257
"1771","Magnesium",1.67479345070916
"1772","Calcium",2.64419943674243
"1773","Potassium",7.02097401365858
"1774","Sodium",3.44706174513907
"1775","Iron",0.953995229665677
"1776","Magnesium",5.63573437432721
"1777","Calcium",3.49752448044438
"1778","Potassium",2.6066160413191
"1779","Sodium",2.49680938545873
"1780","Iron",2.58417159386199
"1781","Magnesium",3.19920290722906
"1782","Calcium",2.09030309850005
"1783","Potassium",3.27012308679644
"1784","Sodium",1.66531535798074
"1785","Iron",2.90415444670419
"1786","Magnesium",4.75051943856159
"1787","Calcium",3.57507469211476
"1788","Potassium",4.4086065188628
"1789","Sodium",1.41192553193098
"1790","Iron",2.79842443169644
"1791","Magnesium",3.74912531415547
"1792","Calcium",1.35915448329066
"1793","Potassium",5.77650184337342
"1794","Sodium",1.65105216665541
"1795","Iron",3.0402135925437
"1796","Magnesium",2.89458492908959
"1797","Calcium",3.008824788766
"1798","Potassium",2.38543765347049
"1799","Sodium",3.38738890970387
"1800","Iron",1.75820388889252
"1801","Magnesium",1.41847838132728
"1802","Calcium",1.96213892859746
"1803","Potassium",2.55148918351419
"1804","Sodium",5.10228316434122
"1805","Iron",5.94739066773419
"1806","Magnesium",3.00916238168507
"1807","Calcium",3.19264895785738
"1808","Potassium",2.38264507413271
"1809","Sodium",2.80074683499052
"1810","Iron",1.45359774607629
"1811","Magnesium",3.14619065471714
"1812","Calcium",2.06695840482808
"1813","Potassium",3.32404489446538
"1814","Sodium",2.52797606660754
"1815","Iron",1.94411541855857
"1816","Magnesium",2.55401040709119
"1817","Calcium",2.31129284077751
"1818","Potassium",4.69111057527386
"1819","Sodium",2.82594071202076
"1820","Iron",3.2777398252584
"1821","Magnesium",1.40598623668322
"1822","Calcium",5.63444432093021
"1823","Potassium",2.82762777845791
"1824","Sodium",1.73026529719459
"1825","Iron",3.2676997366826
"1826","Magnesium",4.10853844067292
"1827","Calcium",1.37273817758026
"1828","Potassium",6.30813897843147
"1829","Sodium",2.5910723529534
"1830","Iron",4.76545151273746
"1831","Magnesium",2.80147466325784
"1832","Calcium",2.24360469481659
"1833","Potassium",1.17523195558722
"1834","Sodium",1.68211045265479
"1835","Iron",2.66461550320701
"1836","Magnesium",4.43924712866687
"1837","Calcium",1.06064637107419
"1838","Potassium",5.69952376699782
"1839","Sodium",5.45779706411068
"1840","Iron",1.37763995974845
"1841","Magnesium",3.29985924011509
"1842","Calcium",1.53407534201057
"1843","Potassium",2.70117493733687
"1844","Sodium",4.49498300991611
"1845","Iron",4.23592086973813
"1846","Magnesium",1.80871362607179
"1847","Calcium",2.18676574967022
"1848","Potassium",1.60082108674675
"1849","Sodium",3.14946724996364
"1850","Iron",1.15959807238159
"1851","Magnesium",0.676042813423719
"1852","Calcium",5.6061267717235
"1853","Potassium",8.52459830274293
"1854","Sodium",2.24221798159059
"1855","Iron",4.13741144584871
"1856","Magnesium",2.46324145599997
"1857","Calcium",5.73068027759686
"1858","Potassium",3.55427719800738
"1859","Sodium",2.98303558775979
"1860","Iron",0.941477794311901
"1861","Magnesium",4.66820108172553
"1862","Calcium",2.20330633871148
"1863","Potassium",1.3830812436866
"1864","Sodium",2.34611364358661
"1865","Iron",2.89591931979275
"1866","Magnesium",4.53813589754941
"1867","Calcium",1.4881233799425
"1868","Potassium",1.93397852312276
"1869","Sodium",5.68800415244601
"1870","Iron",5.57540317917816
"1871","Magnesium",4.8240761115648
"1872","Calcium",6.29965890575724
"1873","Potassium",2.91624901861935
"1874","Sodium",2.18591281799697
"1875","Iron",3.63486058711247
"1876","Magnesium",4.54356604516064
"1877","Calcium",9.10978778120326
"1878","Potassium",0.97897664265285
"1879","Sodium",3.16708188030028
"1880","Iron",3.69027556928847
"1881","Magnesium",2.69139989766787
"1882","Calcium",1.40575212840552
"1883","Potassium",4.06458123503655
"1884","Sodium",1.87177215762664
"1885","Iron",3.53395494596705
"1886","Magnesium",4.32139213786978
"1887","Calcium",5.2552171142473
"1888","Potassium",1.28600109249885
"1889","Sodium",4.72926355633388
"1890","Iron",1.92551703314185
"1891","Magnesium",1.44965941379132
"1892","Calcium",5.31644227991396
"1893","Potassium",4.8275004435503
"1894","Sodium",2.50891635557556
"1895","Iron",3.93116377126667
"1896","Magnesium",1.78735617019663
"1897","Calcium",2.52381425370885
"1898","Potassium",2.48642189868731
"1899","Sodium",2.48216902058429
"1900","Iron",3.80751271760852
"1901","Magnesium",5.99352669880987
"1902","Calcium",2.05749119570086
"1903","Potassium",2.57604648479432
"1904","Sodium",6.24794881560243
"1905","Iron",2.29774385993269
"1906","Magnesium",0.554804870602427
"1907","Calcium",3.66517461558485
"1908","Potassium",1.4961672177223
"1909","Sodium",1.58067398949214
"1910","Iron",5.3791860698863
"1911","Magnesium",9.18742798428699
"1912","Calcium",1.62511823929465
"1913","Potassium",4.51839963864431
"1914","Sodium",2.53540131991412
"1915","Iron",2.90163582007684
"1916","Magnesium",5.03532579618457
"1917","Calcium",2.93920070744267
"1918","Potassium",1.56843211225563
"1919","Sodium",2.05597049837041
"1920","Iron",3.64034111732658
"1921","Magnesium",0.908909969971489
"1922","Calcium",4.88729635354237
"1923","Potassium",1.12708370441002
"1924","Sodium",2.65970971482348
"1925","Iron",2.38393488871992
"1926","Magnesium",5.26780657622502
"1927","Calcium",2.9905978426806
"1928","Potassium",2.90931792878999
"1929","Sodium",3.93097870446392
"1930","Iron",1.82245586968162
"1931","Magnesium",2.50943504282181
"1932","Calcium",4.78157326297082
"1933","Potassium",3.81950339540649
"1934","Sodium",1.37495005559662
"1935","Iron",3.60911531154106
"1936","Magnesium",1.2481708535744
"1937","Calcium",2.10921519248717
"1938","Potassium",4.85009620202448
"1939","Sodium",0.841603038344664
"1940","Iron",1.21508492955699
"1941","Magnesium",5.24348074302776
"1942","Calcium",1.87392613709132
"1943","Potassium",5.09560288752034
"1944","Sodium",2.4840731017678
"1945","Iron",3.14657608110907
"1946","Magnesium",4.02132997101323
"1947","Calcium",1.82501246375151
"1948","Potassium",2.29647401314969
"1949","Sodium",2.41421519900687
"1950","Iron",11.1260062516422
"1951","Magnesium",2.82334136964409
"1952","Calcium",3.53206559431084
"1953","Potassium",2.34159214108566
"1954","Sodium",2.40070713558211
"1955","Iron",5.39334410641104
"1956","Magnesium",2.28005059003265
"1957","Calcium",2.7386461353348
"1958","Potassium",3.34404521517912
"1959","Sodium",2.20328384711798
"1960","Iron",7.17661707522816
"1961","Magnesium",1.41422374661148
"1962","Calcium",7.36105594899633
"1963","Potassium",2.41098928586664
"1964","Sodium",5.25981642211285
"1965","Iron",1.075209889364
"1966","Magnesium",4.51012496419044
"1967","Calcium",4.33538959502648
"1968","Potassium",1.42842165821389
"1969","Sodium",1.9204273881892
"1970","Iron",2.78069138205778
"1971","Magnesium",4.86029841481482
"1972","Calcium",1.84243157204498
"1973","Potassium",2.49009362390436
"1974","Sodium",5.97447079010464
"1975","Iron",1.67649331587189
"1976","Magnesium",4.34915206075262
"1977","Calcium",3.47544403598163
"1978","Potassium",1.5531637007489
"1979","Sodium",2.01214086424658
"1980","Iron",3.89830819378548
"1981","Magnesium",3.13927163070314
"1982","Calcium",5.50411450102985
"1983","Potassium",2.05143878110069
"1984","Sodium",1.06591664616339
"1985","Iron",4.64431757955388
"1986","Magnesium",2.3042430204739
"1987","Calcium",3.04091452512718
"1988","Potassium",6.51869782022557
"1989","Sodium",2.33647721860321
"1990","Iron",5.93145548208475
"1991","Magnesium",1.55472291800668
"1992","Calcium",4.11932858222847
"1993","Potassium",3.05127444096233
"1994","Sodium",1.84899011817073
"1995","Iron",1.42435997680069
"1996","Magnesium",2.7712723946102
"1997","Calcium",3.15336431841667
"1998","Potassium",3.31463736403438
"1999","Sodium",3.67082505423771
"2000","Iron",2.22526048084354
"2001","Magnesium",2.11025994732408
"2002","Calcium",3.06773855470747
"2003","Potassium",2.18918469114305
"2004","Sodium",5.12904452274326
"2005","Iron",2.90637140195456
"2006","Magnesium",2.09341826806501
"2007","Calcium",0.983057544052741
"2008","Potassium",1.850982186612
"2009","Sodium",7.72062346893012
"2010","Iron",2.05734411510567
"2011","Magnesium",1.7929929131422
"2012","Calcium",3.8656362704948
"2013","Potassium",3.36971281145738
"2014","Sodium",3.87363311844123
"2015","Iron",2.37939023740039
"2016","Magnesium",4.5942775744082
"2017","Calcium",1.46515002738241
"2018","Potassium",2.63698255103245
"2019","Sodium",1.76732316982898
"2020","Iron",3.83896884953862
"2021","Magnesium",2.82757548068128
"2022","Calcium",4.8458031998804
"2023","Potassium",7.58027703706008
"2024","Sodium",2.80723519080587
"2025","Iron",2.10459584560262
"2026","Magnesium",1.79549736723129
"2027","Calcium",2.38732446425506
"2028","Potassium",2.64685573043077
"2029","Sodium",7.31942793418629
"2030","Iron",1.51299198651041
"2031","Magnesium",1.6384401844184
"2032","Calcium",2.37936716539024
"2033","Potassium",3.45397411948128
"2034","Sodium",4.08466505983097
"2035","Iron",1.8243584502183
"2036","Magnesium",2.77862570619768
"2037","Calcium",2.77728625899432
"2038","Potassium",4.90325264410369
"2039","Sodium",4.75685383528448
"2040","Iron",2.47270120242413
"2041","Magnesium",2.87137585437193
"2042","Calcium",3.88874183298017
"2043","Potassium",0.968385031079087
"2044","Sodium",2.20032615475644
"2045","Iron",3.6816322893422
"2046","Magnesium",2.00147297660768
"2047","Calcium",2.58286490216057
"2048","Potassium",2.82830128140405
"2049","Sodium",1.90466932800061
"2050","Iron",1.65780995010776
"2051","Magnesium",2.43520782798063
"2052","Calcium",2.12548481141055
"2053","Potassium",3.93686634550889
"2054","Sodium",5.81945171171654
"2055","Iron",2.73759971666772
"2056","Magnesium",3.18601860627952
"2057","Calcium",2.44346464794061
"2058","Potassium",3.7993432649608
"2059","Sodium",3.08277643458481
"2060","Iron",3.10785098316684
"2061","Magnesium",4.83370289795572
"2062","Calcium",1.71459781461766
"2063","Potassium",5.50097982561646
"2064","Sodium",3.36172170011183
"2065","Iron",2.84776076104635
"2066","Magnesium",2.00632596009489
"2067","Calcium",2.5377896634886
"2068","Potassium",3.30481814352169
"2069","Sodium",1.02757851383104
"2070","Iron",2.09988008402889
"2071","Magnesium",3.56271876515179
"2072","Calcium",2.21736847241916
"2073","Potassium",1.70486492960519
"2074","Sodium",2.03557985751464
"2075","Iron",3.01207139583099
"2076","Magnesium",1.24160595507044
"2077","Calcium",4.32052515028741
"2078","Potassium",0.851828274350317
"2079","Sodium",2.20593797651149
"2080","Iron",1.76934457110548
"2081","Magnesium",1.5176915011022
"2082","Calcium",1.58913977627777
"2083","Potassium",2.9952920393628
"2084","Sodium",2.65505570978682
"2085","Iron",2.41091007495558
"2086","Magnesium",0.76495780255448
"2087","Calcium",1.40568586061708
"2088","Potassium",2.79778906143841
"2089","Sodium",1.67720696814187
"2090","Iron",1.80839358965703
"2091","Magnesium",4.73437775258939
"2092","Calcium",2.85635080016988
"2093","Potassium",1.85101215254616
"2094","Sodium",2.08366574525371
"2095","Iron",2.30523071335922
"2096","Magnesium",1.93065142266626
"2097","Calcium",1.78608960191088
"2098","Potassium",2.97233110938819
"2099","Sodium",3.98603368141769
"2100","Iron",3.10673356185468
"2101","Magnesium",2.32206945390578
"2102","Calcium",3.31408343204475
"2103","Potassium",3.80690931341774
"2104","Sodium",2.50803062101622
"2105","Iron",3.56020387694438
"2106","Magnesium",1.51317298424912
"2107","Calcium",2.39353004497582
"2108","Potassium",2.20697230531631
"2109","Sodium",2.98528785282144
"2110","Iron",3.26002043014592
"2111","Magnesium",2.40423128309751
"2112","Calcium",1.80507396604677
"2113","Potassium",1.67353347490991
"2114","Sodium",3.18143370319628
"2115","Iron",5.37781431877824
"2116","Magnesium",1.75801756474934
"2117","Calcium",2.32742234949844
"2118","Potassium",3.32967252278476
"2119","Sodium",1.93202484506402
"2120","Iron",2.90704213446049
"2121","Magnesium",2.57945309808925
"2122","Calcium",1.78306912527678
"2123","Potassium",4.16144034295355
"2124","Sodium",4.23437415900604
"2125","Iron",4.57412540679316
"2126","Magnesium",5.07083792310568
"2127","Calcium",2.22324796362174
"2128","Potassium",2.25812071151522
"2129","Sodium",2.99860407231452
"2130","Iron",3.75621864960562
"2131","Magnesium",2.17778097476308
"2132","Calcium",2.34638789038705
"2133","Potassium",2.02244527699927
"2134","Sodium",5.81033287270287
"2135","Iron",0.814441665922814
"2136","Magnesium",2.48897359736451
"2137","Calcium",2.84576670498295
"2138","Potassium",1.48997476549711
"2139","Sodium",3.15274275073532
"2140","Iron",0.953476942632182
"2141","Magnesium",4.40827060392795
"2142","Calcium",1.14194605784242
"2143","Potassium",0.857089078512377
"2144","Sodium",1.94770369389499
"2145","Iron",2.89752492002201
"2146","Magnesium",2.05994028431471
"2147","Calcium",1.97787215973017
"2148","Potassium",3.18541611692467
"2149","Sodium",1.51824235999579
"2150","Iron",2.56144908197629
"2151","Magnesium",3.37056785226898
"2152","Calcium",6.19803749440726
"2153","Potassium",3.57289798112406
"2154","Sodium",6.43527406411913
"2155","Iron",3.58077575814718
"2156","Magnesium",2.54987024739104
"2157","Calcium",0.804462905670661
"2158","Potassium",1.52600894187747
"2159","Sodium",2.38090668932652
"2160","Iron",3.91386413486072
"2161","Magnesium",2.48802612563999
"2162","Calcium",3.73489354923017
"2163","Potassium",1.45101759009742
"2164","Sodium",2.32836666837387
"2165","Iron",2.88641607036816
"2166","Magnesium",2.16811991080974
"2167","Calcium",2.90086995210796
"2168","Potassium",1.97890416993471
"2169","Sodium",3.19975530900681
"2170","Iron",2.64047935160668
"2171","Magnesium",2.58229789253693
"2172","Calcium",1.05087850530449
"2173","Potassium",1.95224155536614
"2174","Sodium",1.26229003062775
"2175","Iron",1.12190647333533
"2176","Magnesium",2.07695215984106
"2177","Calcium",2.55740354199105
"2178","Potassium",3.08298378591026
"2179","Sodium",4.65838141669508
"2180","Iron",3.28767218542204
"2181","Magnesium",4.46540713113607
"2182","Calcium",2.08684729361928
"2183","Potassium",2.25758230242173
"2184","Sodium",4.63838999268336
"2185","Iron",2.60985364477217
"2186","Magnesium",1.2482837672427
"2187","Calcium",2.00117132788836
"2188","Potassium",4.45621100434816
"2189","Sodium",2.04963721384356
"2190","Iron",3.36964519628344
"2191","Magnesium",2.69923695652085
"2192","Calcium",2.08194250377336
"2193","Potassium",2.34571122912327
"2194","Sodium",3.21116637798109
"2195","Iron",3.00127508038154
"2196","Magnesium",4.98432560402743
"2197","Calcium",2.3630410481431
"2198","Potassium",1.75532615335053
"2199","Sodium",2.93950237214293
"2200","Iron",4.08468066465142
"2201","Magnesium",8.22349895994078
"2202","Calcium",2.22032088282324
"2203","Potassium",2.22688787998113
"2204","Sodium",4.19733772228309
"2205","Iron",5.04960558005746
"2206","Magnesium",2.01336577655939
"2207","Calcium",3.92523558904919
"2208","Potassium",2.09805337174758
"2209","Sodium",1.58901103913663
"2210","Iron",3.87385473812345
"2211","Magnesium",2.85057773247492
"2212","Calcium",3.32032658418818
"2213","Potassium",2.0285554062472
"2214","Sodium",6.64754700206743
"2215","Iron",3.79915141953334
"2216","Magnesium",2.15115294144617
"2217","Calcium",3.9780522045683
"2218","Potassium",1.54567031793549
"2219","Sodium",2.54524479939314
"2220","Iron",5.57768616456949
"2221","Magnesium",2.3511520316873
"2222","Calcium",4.39404698611002
"2223","Potassium",2.45399080290332
"2224","Sodium",0.91187984482094
"2225","Iron",1.7049152619351
"2226","Magnesium",2.96028240621038
"2227","Calcium",5.54823506593987
"2228","Potassium",2.12403222630314
"2229","Sodium",3.2295659957891
"2230","Iron",1.83346667976374
"2231","Magnesium",1.62901133066953
"2232","Calcium",1.76729667858313
"2233","Potassium",5.53716926467063
"2234","Sodium",4.19471503079978
"2235","Iron",3.641804308016
"2236","Magnesium",4.80836273638477
"2237","Calcium",2.08229833035539
"2238","Potassium",3.81805132092303
"2239","Sodium",3.06758343257238
"2240","Iron",1.77084227356762
"2241","Magnesium",1.72256424620566
"2242","Calcium",2.71850048098109
"2243","Potassium",2.9184743813458
"2244","Sodium",2.46326681279643
"2245","Iron",1.58082277050113
"2246","Magnesium",0.871826849814459
"2247","Calcium",3.28187170360128
"2248","Potassium",2.2863942618888
"2249","Sodium",3.51742845656946
"2250","Iron",1.31554249521471
"2251","Magnesium",1.4827393701233
"2252","Calcium",2.61857544186292
"2253","Potassium",1.27821819116161
"2254","Sodium",1.08101093045771
"2255","Iron",3.71776057176577
"2256","Magnesium",4.37773818254827
"2257","Calcium",1.64418917332077
"2258","Potassium",2.33205411071779
"2259","Sodium",1.58944985920276
"2260","Iron",3.06192720682272
"2261","Magnesium",2.61497128830504
"2262","Calcium",1.77083966270195
"2263","Potassium",1.68950454694127
"2264","Sodium",1.59430556720551
"2265","Iron",3.37741977595965
"2266","Magnesium",3.5885991839436
"2267","Calcium",3.15197971109761
"2268","Potassium",1.90013981940399
"2269","Sodium",0.964302461234075
"2270","Iron",3.39693231260673
"2271","Magnesium",2.42971444681402
"2272","Calcium",2.82019627246627
"2273","Potassium",4.56495254566012
"2274","Sodium",1.76483815958946
"2275","Iron",4.79470914615084
"2276","Magnesium",2.23799486698759
"2277","Calcium",1.96627040039665
"2278","Potassium",2.52329356943685
"2279","Sodium",3.44065850518765
"2280","Iron",2.37293967432515
"2281","Magnesium",1.71700214834012
"2282","Calcium",2.40259612325405
"2283","Potassium",0.845150341094831
"2284","Sodium",2.07470732097881
"2285","Iron",3.47941363883034
"2286","Magnesium",2.44285424295523
"2287","Calcium",3.80083097969692
"2288","Potassium",3.56717980585233
"2289","Sodium",3.56572993685921
"2290","Iron",3.79572833264314
"2291","Magnesium",1.23223080390349
"2292","Calcium",2.68946360495076
"2293","Potassium",6.20376850737331
"2294","Sodium",2.0671078793232
"2295","Iron",3.42606015741253
"2296","Magnesium",2.92130858210989
"2297","Calcium",3.58841159027472
"2298","Potassium",2.24501781236762
"2299","Sodium",1.9494450010208
"2300","Iron",2.73647231484399
"2301","Magnesium",2.97996678378807
"2302","Calcium",2.58013219105178
"2303","Potassium",2.70469251440121
"2304","Sodium",3.33574246297463
"2305","Iron",1.85424875720805
"2306","Magnesium",4.7869269585365
"2307","Calcium",8.24988380176384
"2308","Potassium",5.6851430988877
"2309","Sodium",2.18129256541101
"2310","Iron",1.00356771551944
"2311","Magnesium",2.75472575041285
"2312","Calcium",4.15657200371032
"2313","Potassium",4.05847901863285
"2314","Sodium",1.58495329730548
"2315","Iron",1.51197236904126
"2316","Magnesium",2.68474912471772
"2317","Calcium",3.63290884658998
"2318","Potassium",4.11237790707631
"2319","Sodium",4.20664839715853
"2320","Iron",1.68963287523243
"2321","Magnesium",1.56662570631687
"2322","Calcium",1.03385007606026
"2323","Potassium",3.34420626317405
"2324","Sodium",4.16209250526411
"2325","Iron",3.14052965326394
"2326","Magnesium",1.60075512314605
"2327","Calcium",5.94261488696728
"2328","Potassium",2.24460423906038
"2329","Sodium",6.58304982050463
"2330","Iron",3.77333178384291
"2331","Magnesium",5.08008009797113
"2332","Calcium",3.11795993427845
"2333","Potassium",2.65168345156228
"2334","Sodium",1.75354598704568
"2335","Iron",2.16621258328791
"2336","Magnesium",2.56546548452711
"2337","Calcium",3.2709927020588
"2338","Potassium",2.60304554921806
"2339","Sodium",2.49950718093903
"2340","Iron",2.99633761364569
"2341","Magnesium",1.89935964662845
"2342","Calcium",2.06596920229367
"2343","Potassium",1.10274216070111
"2344","Sodium",3.95347986483906
"2345","Iron",2.81487538897179
"2346","Magnesium",2.6410924021683
"2347","Calcium",1.97418184694757
"2348","Potassium",2.43950151179116
"2349","Sodium",1.51133388235065
"2350","Iron",1.52850652302067
"2351","Magnesium",1.12181187150047
"2352","Calcium",4.58596949317289
"2353","Potassium",2.97487048360417
"2354","Sodium",1.57690438792562
"2355","Iron",4.85725669555167
"2356","Magnesium",3.87753397141396
"2357","Calcium",3.69087233316243
"2358","Potassium",2.52740464836929
"2359","Sodium",2.18346508426797
"2360","Iron",2.47551808215877
"2361","Magnesium",3.41157902875376
"2362","Calcium",3.95699896231955
"2363","Potassium",6.05227781344113
"2364","Sodium",2.12597418829003
"2365","Iron",1.65006006474471
"2366","Magnesium",2.6736685245644
"2367","Calcium",12.3341248012825
"2368","Potassium",2.14460688504391
"2369","Sodium",4.74994290566214
"2370","Iron",2.28880579074859
"2371","Magnesium",2.0259644496749
"2372","Calcium",1.8210292091104
"2373","Potassium",2.57051229308802
"2374","Sodium",6.24688415928801
"2375","Iron",3.18859365435836
"2376","Magnesium",3.63994853156704
"2377","Calcium",4.29571429683316
"2378","Potassium",7.74921435200566
"2379","Sodium",3.88772063418777
"2380","Iron",1.47499202474762
"2381","Magnesium",1.60111333532914
"2382","Calcium",1.20359241159407
"2383","Potassium",0.677999008683596
"2384","Sodium",5.18920527097152
"2385","Iron",2.0742657248069
"2386","Magnesium",3.38026538983203
"2387","Calcium",4.85951305694053
"2388","Potassium",2.04803257045589
"2389","Sodium",2.51546513709236
"2390","Iron",3.16258945623722
"2391","Magnesium",3.05865955138445
"2392","Calcium",1.83594468707701
"2393","Potassium",3.88773017145399
"2394","Sodium",3.61727949260894
"2395","Iron",2.17071513662911
"2396","Magnesium",1.50046775143192
"2397","Calcium",3.82108939434372
"2398","Potassium",5.63783261911907
"2399","Sodium",5.64406016916588
"2400","Iron",4.14119729368433
"2401","Magnesium",2.03691665934872
"2402","Calcium",2.11668777475951
"2403","Potassium",1.85766465086299
"2404","Sodium",2.3336310363928
"2405","Iron",3.77047134305208
"2406","Magnesium",3.13393899202214
"2407","Calcium",1.04068108968796
"2408","Potassium",0.834245470076843
"2409","Sodium",2.71335805696462
"2410","Iron",2.8196026986142
"2411","Magnesium",0.949727472467509
"2412","Calcium",1.56204674414714
"2413","Potassium",2.74290023183031
"2414","Sodium",5.54035332162461
"2415","Iron",1.10630288216446
"2416","Magnesium",1.37825264771868
"2417","Calcium",1.67736502821007
"2418","Potassium",2.92060607455607
"2419","Sodium",3.22025051192559
"2420","Iron",2.46180414211875
"2421","Magnesium",1.14567983237759
"2422","Calcium",2.16508581536788
"2423","Potassium",2.1525498945536
"2424","Sodium",2.58489082341209
"2425","Iron",5.89462861029476
"2426","Magnesium",1.92106737143598
"2427","Calcium",2.67727587935702
"2428","Potassium",1.98630493229971
"2429","Sodium",1.58439571177339
"2430","Iron",3.67409115344299
"2431","Magnesium",1.55633141979502
"2432","Calcium",10.5096403419734
"2433","Potassium",2.92613834966119
"2434","Sodium",2.94757319438098
"2435","Iron",2.45933239694737
"2436","Magnesium",6.65215137154479
"2437","Calcium",3.90288907849504
"2438","Potassium",2.53254155851064
"2439","Sodium",1.55441415876141
"2440","Iron",1.64132764913225
"2441","Magnesium",1.77372002888318
"2442","Calcium",5.02409495628779
"2443","Potassium",2.42797696867251
"2444","Sodium",2.06585696692093
"2445","Iron",3.99419791456644
"2446","Magnesium",5.01220574230046
"2447","Calcium",1.97078179967109
"2448","Potassium",2.05038463146587
"2449","Sodium",3.3127928424308
"2450","Iron",2.55709591625865
"2451","Magnesium",3.30482440091352
"2452","Calcium",6.44417093691032
"2453","Potassium",2.61770763416373
"2454","Sodium",2.16763610590772
"2455","Iron",3.32221746410443
"2456","Magnesium",2.56699442978435
"2457","Calcium",3.8830379246722
"2458","Potassium",2.41763549795047
"2459","Sodium",3.52071924112993
"2460","Iron",1.26169792209994
"2461","Magnesium",2.68782730831825
"2462","Calcium",2.21266413819566
"2463","Potassium",1.38420085795051
"2464","Sodium",2.35914717286279
"2465","Iron",3.36556999119293
"2466","Magnesium",2.8802445674403
"2467","Calcium",3.90234556485683
"2468","Potassium",4.37155305689892
"2469","Sodium",4.06862215999596
"2470","Iron",2.27682092472462
"2471","Magnesium",1.33884616241292
"2472","Calcium",2.48663218483069
"2473","Potassium",4.93840004341926
"2474","Sodium",2.54721900651639
"2475","Iron",1.08495400606101
"2476","Magnesium",3.50732308540218
"2477","Calcium",3.02895912739479
"2478","Potassium",2.13970842963451
"2479","Sodium",3.16829668835205
"2480","Iron",5.25120198173617
"2481","Magnesium",5.11658778622397
"2482","Calcium",2.10568826736681
"2483","Potassium",2.67324002559084
"2484","Sodium",1.20128914415514
"2485","Iron",1.87037054544961
"2486","Magnesium",7.31575907886274
"2487","Calcium",5.88312484467639
"2488","Potassium",2.43623874676437
"2489","Sodium",2.00858588014642
"2490","Iron",1.23203195194794
"2491","Magnesium",7.86830138756499
"2492","Calcium",2.93318865014739
"2493","Potassium",2.02966584261727
"2494","Sodium",4.6618445727969
"2495","Iron",1.46520897880005
"2496","Magnesium",3.84613028841589
"2497","Calcium",5.54646896617114
"2498","Potassium",2.36689045782768
"2499","Sodium",5.69249755893636
"2500","Iron",3.92228762816407
"2501","Magnesium",2.06746419142471
"2502","Calcium",3.66475494504537
"2503","Potassium",1.89939105667073
"2504","Sodium",2.1389323605665
"2505","Iron",3.92473196109981
"2506","Magnesium",2.16945439302779
"2507","Calcium",2.70193012403798
"2508","Potassium",4.28998398895571
"2509","Sodium",1.67733171529611
"2510","Iron",5.90227283465233
"2511","Magnesium",7.28311122044491
"2512","Calcium",3.69592683870138
"2513","Potassium",3.36746552726047
"2514","Sodium",2.11999052866859
"2515","Iron",3.48866112407653
"2516","Magnesium",1.99641019564003
"2517","Calcium",3.19881676317182
"2518","Potassium",2.06646172398051
"2519","Sodium",3.9478826576341
"2520","Iron",3.87140179687941
"2521","Magnesium",5.03358309787941
"2522","Calcium",7.3175422515022
"2523","Potassium",2.0651011085859
"2524","Sodium",4.43433817111455
"2525","Iron",1.5247641989622
"2526","Magnesium",2.12925614974574
"2527","Calcium",4.50933368051039
"2528","Potassium",1.83355790618158
"2529","Sodium",3.2079603716261
"2530","Iron",1.70015591446917
"2531","Magnesium",2.28756975897607
"2532","Calcium",2.71004818827671
"2533","Potassium",2.01590346211921
"2534","Sodium",1.08737631806485
"2535","Iron",2.99140954317591
"2536","Magnesium",3.42292518874914
"2537","Calcium",2.97580783441723
"2538","Potassium",2.2327519742448
"2539","Sodium",4.29738275465988
"2540","Iron",4.72978522502521
